<?xml version="1.0" encoding="UTF-8"?>
<beans xmlns="http://www.springframework.org/schema/beans"
	xmlns:context="http://www.springframework.org/schema/context"
	xmlns:xsi="http://www.w3.org/2001/XMLSchema-instance"
	xmlns:aop="http://www.springframework.org/schema/aop"
	xmlns:tx="http://www.springframework.org/schema/tx"
	xsi:schemaLocation="http://www.springframework.org/schema/beans
	http://www.springframework.org/schema/beans/spring-beans.xsd
	http://www.springframework.org/schema/context
	http://www.springframework.org/schema/context/spring-context-4.3.xsd
	http://www.springframework.org/schema/aop
	http://www.springframework.org/schema/aop/spring-aop-4.3.xsd
	http://www.springframework.org/schema/tx
	http://www.springframework.org/schema/tx/spring-tx-4.3.xsd">
	<context:component-scan base-package="com.ssh2.shop"></context:component-scan>
	<context:annotation-config></context:annotation-config>
	<bean id="dataSource" class="org.apache.commons.dbcp.BasicDataSource" destroy-method="close">
		<property name="driverClassName" value="com.mysql.jdbc.Driver"/>
		<property name="url">
		<value>jdbc:mysql://127.0.0.1:3306/shop_cart</value>
		</property>
		<property name="username" value="root"></property>
		<property name="password" value="123456"></property>
	</bean>
	<bean id="sessionFactory" class="org.springframework.orm.hibernate5.LocalSessionFactoryBean">
	<property name="dataSource" ref="dataSource"/>
	<property name="hibernateProperties">
		<props>
			<prop key="hibernate.dialect">org.hibernate.dialect.MySQLDialect</prop>
			<prop key="hibernate.show_sql">true</prop>
			<prop key="hibernate.hbm2ddl.auto">update</prop>
		</props>
	</property>
	<property name="packagesToScan" value="com.ssh2.shop.model"/>
	</bean>
	<tx:annotation-driven transaction-manager="myHibTransactionManager"/>
	<bean id="myHibTransactionManager" class="org.springframework.orm.hibernate5.HibernateTransactionManager">
	<property name="sessionFactory" ref="sessionFactory"></property>
	</bean>
</beans>