<?xml version="1.0" encoding="UTF-8"?>
<!DOCTYPE struts PUBLIC
    "-//Apache Software Foundation//DTD Struts Configuration 2.5//EN"
    "http://struts.apache.org/dtds/struts-2.5.dtd">
<struts>
	<constant name="strutrs.i18n.encoding" value="UTF-8" />
	<constant name="struts.objectFactory" value="spring"></constant>
	<constant name="struts.devMode" value="true" />

	<package name="SSH2" extends="struts-default"
		strict-method-invocation="false">
		<action name="SSH2">
			<result>/Login.jsp</result>
		</action>

		<action name="login" class="loginAction" method="doLogin">
			<result name="success" type="redirectAction">getGoodsList</result>
			<result name="error">/Login.jsp</result>
		</action>

		<action name="getGoodsList" class="googdItemsAction"
			method="getGoodsList">
			<result name="success">/productlist.jsp</result>
		</action>

		<action name="*_Cart" class="cartAction" method="{1}Cart">
			<result name="success" type="redirectAction">find_Cart.action</result>
			<result name="error">/error.jsp</result>
			<result name="lists">/dispcart.jsp</result>
			<result name="del" type="redirectAction">find_Cart.action</result>
			<result name="update" type="redirectAction">find_Cart.action</result>
			<result name="toService">/service.jsp</result>
		</action>
		<action name="addOrder" class="orderAction" method="addOrder">
			<result name="success">/successOrder.jsp</result>
		</action>

	</package>






</struts>  